Gender,HbA1c,BAP,Total_PINP,Age,Muscle_Mass,A/G,RSMI
1,14.202,13.093,37.653,54.73434753762314,52850.068869664574,1.9469999999999998,8.118
1,10.304,22.645,72.572,55.57293938031484,40434.86844335125,1.44,6.558
1,7.621,6.452999999999999,50.983999999999995,72.86578590461596,48163.59149692512,1.194,7.041
1,9.993,5.667999999999999,22.209,76.30362081696445,45956.38704988162,1.415,7.5120000000000005
1,10.105,23.901,32.0,72.21396903028744,42744.187553779724,1.301,7.336
1,11.315999999999999,9.811,15.315,54.01402474151607,47877.58759204458,1.041,6.4670000000000005
0,10.324000000000002,11.620999999999999,44.358000000000004,65.8036907991817,38800.340673181556,1.48,5.831
1,11.216,8.963,19.660999999999998,50.58504249281382,47689.03334610639,1.5519999999999998,7.419
0,11.668,17.609,52.927,66.96714780766014,34666.53691698008,1.245,5.273
1,8.796,14.788,32.586999999999996,67.63643188046169,51507.161660527825,1.306,7.608
1,12.436,27.253,25.826999999999998,70.98605572949837,47123.67298715697,1.6969999999999998,7.292000000000001
0,11.718,8.253,30.174,68.29252085851728,33032.578082391854,1.709,5.377000000000001
1,5.855,16.901,50.077,71.13875634801072,30046.8770611892,1.192,4.709
1,11.967,17.58,60.013999999999996,55.54577977776926,45789.824755693895,1.308,7.252999999999999
1,12.749,6.306,24.892,72.5338464536906,49334.23574274311,0.757,6.973
0,11.569,11.546,34.611999999999995,69.60029616108002,29491.64788369392,0.985,5.294
1,7.956,22.693,106.03,60.23042545171162,45891.26455774992,1.13,6.587999999999999
1,7.987,5.062,39.784,54.214912537993726,47480.03601009343,1.368,7.246
1,8.796,14.788,32.586999999999996,67.63643188046169,51507.161660527825,1.306,7.608
1,8.095,9.302,36.288000000000004,64.36582526211653,46383.057285030496,0.764,6.457000000000001
1,8.536,13.389000000000001,42.025,57.3420758017535,47659.72497167617,1.452,7.44
1,10.092,26.984,62.497,53.05447638845492,42876.68697418269,1.489,6.392
1,8.372,13.853,44.577,63.165701205525465,43609.78852397236,1.751,6.332000000000001
1,8.979,8.482999999999999,40.567,58.97298166605479,56051.965000736775,1.3019999999999998,8.849
1,5.855,16.901,50.077,71.13875634801072,30046.8770611892,1.192,4.709
1,8.696,9.626,24.498,52.689847743452965,54368.29478632898,1.212,7.938
1,8.171,13.982999999999999,34.516,77.0853046639265,47685.965614276036,1.435,7.029
0,6.544,7.313,26.464000000000002,70.66348541253481,37991.078429855566,1.411,5.857
0,9.279,5.919,183.93599999999998,52.592778144055956,51066.42679604878,0.723,7.193
1,6.5489999999999995,11.708,50.233000000000004,61.30896129124629,51786.99494031085,1.696,7.771
0,7.053,10.522,83.912,70.5425419455164,38005.29185679571,1.19,6.122000000000001
1,7.079,5.086,69.275,68.46642809957478,52748.653788875235,1.369,8.173
1,8.662,9.147,30.794,53.686078443119676,46209.739465661696,1.5759999999999998,7.672999999999999
1,10.105,23.901,32.0,72.21396903028744,42744.187553779724,1.301,7.336
1,10.764000000000001,15.17,40.895,63.3823849278355,43514.80156315745,1.301,6.348
1,7.766,15.030999999999999,37.986,76.79727727418556,50176.579538477214,1.19,6.965
1,11.155999999999999,9.305,23.406999999999996,51.32627694050939,53322.9017078608,1.507,8.391
1,7.987,5.062,39.784,54.214912537993726,47480.03601009343,1.368,7.246
0,11.049000000000001,13.398,115.913,61.31125639568398,37184.99519308332,1.252,7.085
0,9.279,5.919,183.93599999999998,52.592778144055956,51066.42679604878,0.723,7.193
1,6.367000000000001,8.775,67.344,59.008146952646456,54496.132331870256,1.341,8.058
0,9.404,13.706,28.414,62.44876014048965,33516.05452161667,1.253,5.575
1,8.095,9.302,36.288000000000004,64.36582526211653,46383.057285030496,0.764,6.457000000000001
1,12.58,10.97,34.034,73.45943505428272,53365.66609457014,1.264,7.707000000000001
1,14.015,7.08,24.47,49.828461560323746,45169.22588556283,1.232,6.568
0,7.2860000000000005,14.717,43.224,54.74886254855704,34472.910069992206,1.3519999999999999,6.053
0,8.447000000000001,18.320999999999998,64.40899999999999,71.78724714001777,35952.487130183596,1.129,6.972
0,9.95,11.093,42.873999999999995,64.81371529854351,42409.16512560717,1.5130000000000001,7.428999999999999
0,11.65,8.685,35.266,54.42378504191628,39887.567945516785,1.145,6.649
1,6.784,11.425999999999998,38.162,58.3631738077449,44949.342701015354,1.319,6.596
1,9.942,9.919,52.756,62.04062307315794,47400.19636034602,1.44,6.631
1,7.084,6.024,20.627,64.41031164070165,51555.48985182116,1.5219999999999998,7.349
1,9.687000000000001,10.699000000000002,13.618,71.70825795843874,46511.34307422112,1.395,6.862
0,9.001,6.952999999999999,22.11,63.31991265842018,39574.21684418051,1.261,6.132999999999999
1,10.809000000000001,9.638,17.422,75.10750857692369,40734.7544520513,1.449,5.645
0,11.579,12.668,71.69800000000001,53.912066211161566,34412.135394166115,1.1,5.672000000000001
1,11.767999999999999,13.742,34.96,80.96058061060447,33947.469429821096,1.415,5.627999999999999
0,10.0,11.337,35.979,74.15831596631041,32234.872271379438,1.105,5.711
1,14.735,7.587999999999999,22.035999999999998,54.428220522879926,37395.73140372385,0.723,5.3629999999999995
0,10.627,12.094000000000001,31.458000000000002,55.71934452942466,28099.695583244527,1.7009999999999998,4.815
